Crop_Name,Crop_Type,Ideal_Soil,Sowing_Season,Temperature_Min_C,Temperature_Max_C,Harvest_Days,Growth_Stages,Crop_Encoded,Watering_Frequency,Organic_Fertilizers,Pest_Management,Growth_Stages_Detailed,Ideal_Soil_pH
Potato,Vegetable,Loamy,June–July,18,30,90,Seedling–Vegetative–Flowering–Harvest,79,Every 3 days,"Vermicompost, Neem Cake",Spray Neem Oil (weekly),"Seedling: 0–15, Vegetative: 16–35, Flowering: 36–55, Harvest: 56–90","Sandy loam (pH 6.0–6.8)"
Onion,Vegetable,Loamy,June–July,18,30,90,Seedling–Vegetative–Flowering–Harvest,66,Every 3 days,"Vermicompost, Neem Cake",Spray Neem Oil (weekly),"Seedling: 0–15, Vegetative: 16–35, Flowering: 36–55, Harvest: 56–90","Sandy loam (pH 6.0–6.8)"
Tomato,Vegetable,Loamy,June–July,18,30,90,Seedling–Vegetative–Flowering–Harvest,98,Every 3 days,"Vermicompost, Neem Cake",Spray Neem Oil (weekly),"Seedling: 0–15, Vegetative: 16–35, Flowering: 36–55, Harvest: 56–90","Sandy loam (pH 6.0–6.8)"
Eggplant,Vegetable,Loamy,June–July,18,30,90,Seedling–Vegetative–Flowering–Harvest,32,Every 3 days,"Vermicompost, Neem Cake",Spray Neem Oil (weekly),"Seedling: 0–15, Vegetative: 16–35, Flowering: 36–55, Harvest: 56–90","Sandy loam (pH 6.0–6.8)"
Okra,Vegetable,Loamy,June–July,18,30,90,Seedling–Vegetative–Flowering–Harvest,65,Every 3 days,"Vermicompost, Neem Cake",Spray Neem Oil (weekly),"Seedling: 0–15, Vegetative: 16–35, Flowering: 36–55, Harvest: 56–90","Sandy loam (pH 6.0–6.8)"
Cauliflower,Vegetable,Loamy,June–July,18,30,90,Seedling–Vegetative–Flowering–Harvest,17,Every 3 days,"Vermicompost, Neem Cake",Spray Neem Oil (weekly),"Seedling: 0–15, Vegetative: 16–35, Flowering: 36–55, Harvest: 56–90","Sandy loam (pH 6.0–6.8)"
Cabbage,Vegetable,Loamy,June–July,18,30,90,Seedling–Vegetative–Flowering–Harvest,15,Every 3 days,"Vermicompost, Neem Cake",Spray Neem Oil (weekly),"Seedling: 0–15, Vegetative: 16–35, Flowering: 36–55, Harvest: 56–90","Sandy loam (pH 6.0–6.8)"
Carrot,Vegetable,Loamy,June–July,18,30,90,Seedling–Vegetative–Flowering–Harvest,16,Every 3 days,"Vermicompost, Neem Cake",Spray Neem Oil (weekly),"Seedling: 0–15, Vegetative: 16–35, Flowering: 36–55, Harvest: 56–90","Sandy loam (pH 6.0–6.8)"
Radish,Vegetable,Loamy,June–July,18,30,90,Seedling–Vegetative–Flowering–Harvest,81,Every 3 days,"Vermicompost, Neem Cake",Spray Neem Oil (weekly),"Seedling: 0–15, Vegetative: 16–35, Flowering: 36–55, Harvest: 56–90","Sandy loam (pH 6.0–6.8)"
Spinach,Vegetable,Loamy,June–July,18,30,90,Seedling–Vegetative–Flowering–Harvest,90,Every 3 days,"Vermicompost, Neem Cake",Spray Neem Oil (weekly),"Seedling: 0–15, Vegetative: 16–35, Flowering: 36–55, Harvest: 56–90","Sandy loam (pH 6.0–6.8)"
Fenugreek Leaves,Vegetable,Loamy,June–July,18,30,90,Seedling–Vegetative–Flowering–Harvest,34,Every 3 days,"Vermicompost, Neem Cake",Spray Neem Oil (weekly),"Seedling: 0–15, Vegetative: 16–35, Flowering: 36–55, Harvest: 56–90","Sandy loam (pH 6.0–6.8)"
Bottle Gourd,Vegetable,Loamy,June–July,18,30,90,Seedling–Vegetative–Flowering–Harvest,13,Every 3 days,"Vermicompost, Neem Cake",Spray Neem Oil (weekly),"Seedling: 0–15, Vegetative: 16–35, Flowering: 36–55, Harvest: 56–90","Sandy loam (pH 6.0–6.8)"
Bitter Gourd,Vegetable,Loamy,June–July,18,30,90,Seedling–Vegetative–Flowering–Harvest,10,Every 3 days,"Vermicompost, Neem Cake",Spray Neem Oil (weekly),"Seedling: 0–15, Vegetative: 16–35, Flowering: 36–55, Harvest: 56–90","Sandy loam (pH 6.0–6.8)"
Ridge Gourd,Vegetable,Loamy,June–July,18,30,90,Seedling–Vegetative–Flowering–Harvest,85,Every 3 days,"Vermicompost, Neem Cake",Spray Neem Oil (weekly),"Seedling: 0–15, Vegetative: 16–35, Flowering: 36–55, Harvest: 56–90","Sandy loam (pH 6.0–6.8)"
Snake Gourd,Vegetable,Loamy,June–July,18,30,90,Seedling–Vegetative–Flowering–Harvest,87,Every 3 days,"Vermicompost, Neem Cake",Spray Neem Oil (weekly),"Seedling: 0–15, Vegetative: 16–35, Flowering: 36–55, Harvest: 56–90","Sandy loam (pH 6.0–6.8)"
Ash Gourd,Vegetable,Loamy,June–July,18,30,90,Seedling–Vegetative–Flowering–Harvest,3,Every 3 days,"Vermicompost, Neem Cake",Spray Neem Oil (weekly),"Seedling: 0–15, Vegetative: 16–35, Flowering: 36–55, Harvest: 56–90","Sandy loam (pH 6.0–6.8)"
Pumpkin,Vegetable,Loamy,June–July,18,30,90,Seedling–Vegetative–Flowering–Harvest,80,Every 3 days,"Vermicompost, Neem Cake",Spray Neem Oil (weekly),"Seedling: 0–15, Vegetative: 16–35, Flowering: 36–55, Harvest: 56–90","Sandy loam (pH 6.0–6.8)"
Peas,Vegetable,Loamy,June–July,18,30,90,Seedling–Vegetative–Flowering–Harvest,72,Every 3 days,"Vermicompost, Neem Cake",Spray Neem Oil (weekly),"Seedling: 0–15, Vegetative: 16–35, Flowering: 36–55, Harvest: 56–90","Sandy loam (pH 6.0–6.8)"
Bell Pepper,Vegetable,Loamy,June–July,18,30,90,Seedling–Vegetative–Flowering–Harvest,9,Every 3 days,"Vermicompost, Neem Cake",Spray Neem Oil (weekly),"Seedling: 0–15, Vegetative: 16–35, Flowering: 36–55, Harvest: 56–90","Sandy loam (pH 6.0–6.8)"
Cucumber,Vegetable,Loamy,June–July,18,30,90,Seedling–Vegetative–Flowering–Harvest,25,Every 3 days,"Vermicompost, Neem Cake",Spray Neem Oil (weekly),"Seedling: 0–15, Vegetative: 16–35, Flowering: 36–55, Harvest: 56–90","Sandy loam (pH 6.0–6.8)"
Ginger,Vegetable,Loamy,June–July,18,30,90,Seedling–Vegetative–Flowering–Harvest,38,Every 3 days,"Vermicompost, Neem Cake",Spray Neem Oil (weekly),"Seedling: 0–15, Vegetative: 16–35, Flowering: 36–55, Harvest: 56–90","Sandy loam (pH 6.0–6.8)"
Garlic,Vegetable,Loamy,June–July,18,30,90,Seedling–Vegetative–Flowering–Harvest,37,Every 3 days,"Vermicompost, Neem Cake",Spray Neem Oil (weekly),"Seedling: 0–15, Vegetative: 16–35, Flowering: 36–55, Harvest: 56–90","Sandy loam (pH 6.0–6.8)"
Green Chilli,Vegetable,Loamy,June–July,18,30,90,Seedling–Vegetative–Flowering–Harvest,40,Every 3 days,"Vermicompost, Neem Cake",Spray Neem Oil (weekly),"Seedling: 0–15, Vegetative: 16–35, Flowering: 36–55, Harvest: 56–90","Sandy loam (pH 6.0–6.8)"
Coriander,Vegetable,Loamy,June–July,18,30,90,Seedling–Vegetative–Flowering–Harvest,23,Every 3 days,"Vermicompost, Neem Cake",Spray Neem Oil (weekly),"Seedling: 0–15, Vegetative: 16–35, Flowering: 36–55, Harvest: 56–90","Sandy loam (pH 6.0–6.8)"
Curry Leaves,Vegetable,Loamy,June–July,18,30,90,Seedling–Vegetative–Flowering–Harvest,26,Every 3 days,"Vermicompost, Neem Cake",Spray Neem Oil (weekly),"Seedling: 0–15, Vegetative: 16–35, Flowering: 36–55, Harvest: 56–90","Sandy loam (pH 6.0–6.8)"
Drumstick,Vegetable,Loamy,June–July,18,30,90,Seedling–Vegetative–Flowering–Harvest,31,Every 3 days,"Vermicompost, Neem Cake",Spray Neem Oil (weekly),"Seedling: 0–15, Vegetative: 16–35, Flowering: 36–55, Harvest: 56–90","Sandy loam (pH 6.0–6.8)"
Cluster Beans,Vegetable,Loamy,June–July,18,30,90,Seedling–Vegetative–Flowering–Harvest,21,Every 3 days,"Vermicompost, Neem Cake",Spray Neem Oil (weekly),"Seedling: 0–15, Vegetative: 16–35, Flowering: 36–55, Harvest: 56–90","Sandy loam (pH 6.0–6.8)"
Taro Root,Vegetable,Loamy,June–July,18,30,90,Seedling–Vegetative–Flowering–Harvest,97,Every 3 days,"Vermicompost, Neem Cake",Spray Neem Oil (weekly),"Seedling: 0–15, Vegetative: 16–35, Flowering: 36–55, Harvest: 56–90","Sandy loam (pH 6.0–6.8)"
Yam,Vegetable,Loamy,June–July,18,30,90,Seedling–Vegetative–Flowering–Harvest,104,Every 3 days,"Vermicompost, Neem Cake",Spray Neem Oil (weekly),"Seedling: 0–15, Vegetative: 16–35, Flowering: 36–55, Harvest: 56–90","Sandy loam (pH 6.0–6.8)"
Sweet Potato,Vegetable,Loamy,June–July,18,30,90,Seedling–Vegetative–Flowering–Harvest,95,Every 3 days,"Vermicompost, Neem Cake",Spray Neem Oil (weekly),"Seedling: 0–15, Vegetative: 16–35, Flowering: 36–55, Harvest: 56–90","Sandy loam (pH 6.0–6.8)"
Lotus Stem,Vegetable,Loamy,June–July,18,30,90,Seedling–Vegetative–Flowering–Harvest,57,Every 3 days,"Vermicompost, Neem Cake",Spray Neem Oil (weekly),"Seedling: 0–15, Vegetative: 16–35, Flowering: 36–55, Harvest: 56–90","Sandy loam (pH 6.0–6.8)"
Ivy Gourd,Vegetable,Loamy,June–July,18,30,90,Seedling–Vegetative–Flowering–Harvest,49,Every 3 days,"Vermicompost, Neem Cake",Spray Neem Oil (weekly),"Seedling: 0–15, Vegetative: 16–35, Flowering: 36–55, Harvest: 56–90","Sandy loam (pH 6.0–6.8)"
Indian Round Gourd,Vegetable,Loamy,June–July,18,30,90,Seedling–Vegetative–Flowering–Harvest,48,Every 3 days,"Vermicompost, Neem Cake",Spray Neem Oil (weekly),"Seedling: 0–15, Vegetative: 16–35, Flowering: 36–55, Harvest: 56–90","Sandy loam (pH 6.0–6.8)"
Pointed Gourd,Vegetable,Loamy,June–July,18,30,90,Seedling–Vegetative–Flowering–Harvest,76,Every 3 days,"Vermicompost, Neem Cake",Spray Neem Oil (weekly),"Seedling: 0–15, Vegetative: 16–35, Flowering: 36–55, Harvest: 56–90","Sandy loam (pH 6.0–6.8)"
French Beans,Vegetable,Loamy,June–July,18,30,90,Seedling–Vegetative–Flowering–Harvest,36,Every 3 days,"Vermicompost, Neem Cake",Spray Neem Oil (weekly),"Seedling: 0–15, Vegetative: 16–35, Flowering: 36–55, Harvest: 56–90","Sandy loam (pH 6.0–6.8)"
Green Papaya,Vegetable,Loamy,June–July,18,30,90,Seedling–Vegetative–Flowering–Harvest,42,Every 3 days,"Vermicompost, Neem Cake",Spray Neem Oil (weekly),"Seedling: 0–15, Vegetative: 16–35, Flowering: 36–55, Harvest: 56–90","Sandy loam (pH 6.0–6.8)"
Jackfruit,Vegetable,Loamy,June–July,18,30,90,Seedling–Vegetative–Flowering–Harvest,50,Every 3 days,"Vermicompost, Neem Cake",Spray Neem Oil (weekly),"Seedling: 0–15, Vegetative: 16–35, Flowering: 36–55, Harvest: 56–90","Sandy loam (pH 6.0–6.8)"
Amaranth Leaves,Vegetable,Loamy,June–July,18,30,90,Seedling–Vegetative–Flowering–Harvest,0,Every 3 days,"Vermicompost, Neem Cake",Spray Neem Oil (weekly),"Seedling: 0–15, Vegetative: 16–35, Flowering: 36–55, Harvest: 56–90","Sandy loam (pH 6.0–6.8)"
Mustard Greens,Vegetable,Loamy,June–July,18,30,90,Seedling–Vegetative–Flowering–Harvest,64,Every 3 days,"Vermicompost, Neem Cake",Spray Neem Oil (weekly),"Seedling: 0–15, Vegetative: 16–35, Flowering: 36–55, Harvest: 56–90","Sandy loam (pH 6.0–6.8)"
Lamb'S Quarters,Vegetable,Loamy,June–July,18,30,90,Seedling–Vegetative–Flowering–Harvest,55,Every 3 days,"Vermicompost, Neem Cake",Spray Neem Oil (weekly),"Seedling: 0–15, Vegetative: 16–35, Flowering: 36–55, Harvest: 56–90","Sandy loam (pH 6.0–6.8)"
Dill Leaves,Vegetable,Loamy,June–July,18,30,90,Seedling–Vegetative–Flowering–Harvest,29,Every 3 days,"Vermicompost, Neem Cake",Spray Neem Oil (weekly),"Seedling: 0–15, Vegetative: 16–35, Flowering: 36–55, Harvest: 56–90","Sandy loam (pH 6.0–6.8)"
Spring Onion,Vegetable,Loamy,June–July,18,30,90,Seedling–Vegetative–Flowering–Harvest,91,Every 3 days,"Vermicompost, Neem Cake",Spray Neem Oil (weekly),"Seedling: 0–15, Vegetative: 16–35, Flowering: 36–55, Harvest: 56–90","Sandy loam (pH 6.0–6.8)"
Elephant Foot Yam,Vegetable,Loamy,June–July,18,30,90,Seedling–Vegetative–Flowering–Harvest,33,Every 3 days,"Vermicompost, Neem Cake",Spray Neem Oil (weekly),"Seedling: 0–15, Vegetative: 16–35, Flowering: 36–55, Harvest: 56–90","Sandy loam (pH 6.0–6.8)"
Kohlrabi,Vegetable,Loamy,June–July,18,30,90,Seedling–Vegetative–Flowering–Harvest,53,Every 3 days,"Vermicompost, Neem Cake",Spray Neem Oil (weekly),"Seedling: 0–15, Vegetative: 16–35, Flowering: 36–55, Harvest: 56–90","Sandy loam (pH 6.0–6.8)"
Lablab Beans,Vegetable,Loamy,June–July,18,30,90,Seedling–Vegetative–Flowering–Harvest,54,Every 3 days,"Vermicompost, Neem Cake",Spray Neem Oil (weekly),"Seedling: 0–15, Vegetative: 16–35, Flowering: 36–55, Harvest: 56–90","Sandy loam (pH 6.0–6.8)"
Chayote,Vegetable,Loamy,June–July,18,30,90,Seedling–Vegetative–Flowering–Harvest,18,Every 3 days,"Vermicompost, Neem Cake",Spray Neem Oil (weekly),"Seedling: 0–15, Vegetative: 16–35, Flowering: 36–55, Harvest: 56–90","Sandy loam (pH 6.0–6.8)"
Mushroom,Vegetable,Loamy,June–July,18,30,90,Seedling–Vegetative–Flowering–Harvest,62,Every 3 days,"Vermicompost, Neem Cake",Spray Neem Oil (weekly),"Seedling: 0–15, Vegetative: 16–35, Flowering: 36–55, Harvest: 56–90","Sandy loam (pH 6.0–6.8)"
Corn,Vegetable,Loamy,June–July,18,30,90,Seedling–Vegetative–Flowering–Harvest,24,Every 3 days,"Vermicompost, Neem Cake",Spray Neem Oil (weekly),"Seedling: 0–15, Vegetative: 16–35, Flowering: 36–55, Harvest: 56–90","Sandy loam (pH 6.0–6.8)"
Turnip,Vegetable,Loamy,June–July,18,30,90,Seedling–Vegetative–Flowering–Harvest,99,Every 3 days,"Vermicompost, Neem Cake",Spray Neem Oil (weekly),"Seedling: 0–15, Vegetative: 16–35, Flowering: 36–55, Harvest: 56–90","Sandy loam (pH 6.0–6.8)"
Beetroot,Vegetable,Loamy,June–July,18,30,90,Seedling–Vegetative–Flowering–Harvest,8,Every 3 days,"Vermicompost, Neem Cake",Spray Neem Oil (weekly),"Seedling: 0–15, Vegetative: 16–35, Flowering: 36–55, Harvest: 56–90","Sandy loam (pH 6.0–6.8)"
Mango,Fruit,Well-drained,Feb–March,20,35,150,Bud Formation–Fruit Development–Harvest,60,Every 5 days,"Vermicompost, Bone Meal",Spray Neem Oil (bi-weekly),"Bud Formation: 0–30, Fruit Development: 31–120, Harvest: 121–150","Loamy sand (pH 5.5–7.5)"
Banana,Fruit,Well-drained,Feb–March,20,35,150,Bud Formation–Fruit Development–Harvest,6,Every 5 days,"Vermicompost, Bone Meal",Spray Neem Oil (bi-weekly),"Bud Formation: 0–30, Fruit Development: 31–120, Harvest: 121–150","Loamy sand (pH 5.5–7.5)"
Orange,Fruit,Well-drained,Feb–March,20,35,150,Bud Formation–Fruit Development–Harvest,67,Every 5 days,"Vermicompost, Bone Meal",Spray Neem Oil (bi-weekly),"Bud Formation: 0–30, Fruit Development: 31–120, Harvest: 121–150","Loamy sand (pH 5.5–7.5)"
Guava,Fruit,Well-drained,Feb–March,20,35,150,Bud Formation–Fruit Development–Harvest,43,Every 5 days,"Vermicompost, Bone Meal",Spray Neem Oil (bi-weekly),"Bud Formation: 0–30, Fruit Development: 31–120, Harvest: 121–150","Loamy sand (pH 5.5–7.5)"
Papaya,Fruit,Well-drained,Feb–March,20,35,150,Bud Formation–Fruit Development–Harvest,68,Every 5 days,"Vermicompost, Bone Meal",Spray Neem Oil (bi-weekly),"Bud Formation: 0–30, Fruit Development: 31–120, Harvest: 121–150","Loamy sand (pH 5.5–7.5)"
Grapes,Fruit,Well-drained,Feb–March,20,35,150,Bud Formation–Fruit Development–Harvest,39,Every 5 days,"Vermicompost, Bone Meal",Spray Neem Oil (bi-weekly),"Bud Formation: 0–30, Fruit Development: 31–120, Harvest: 121–150","Loamy sand (pH 5.5–7.5)"
Pineapple,Fruit,Well-drained,Feb–March,20,35,150,Bud Formation–Fruit Development–Harvest,74,Every 5 days,"Vermicompost, Bone Meal",Spray Neem Oil (bi-weekly),"Bud Formation: 0–30, Fruit Development: 31–120, Harvest: 121–150","Loamy sand (pH 5.5–7.5)"
Pomegranate,Fruit,Well-drained,Feb–March,20,35,150,Bud Formation–Fruit Development–Harvest,77,Every 5 days,"Vermicompost, Bone Meal",Spray Neem Oil (bi-weekly),"Bud Formation: 0–30, Fruit Development: 31–120, Harvest: 121–150","Loamy sand (pH 5.5–7.5)"
Watermelon,Fruit,Well-drained,Feb–March,20,35,150,Bud Formation–Fruit Development–Harvest,101,Every 5 days,"Vermicompost, Bone Meal",Spray Neem Oil (bi-weekly),"Bud Formation: 0–30, Fruit Development: 31–120, Harvest: 121–150","Loamy sand (pH 5.5–7.5)"
Muskmelon,Fruit,Well-drained,Feb–March,20,35,150,Bud Formation–Fruit Development–Harvest,63,Every 5 days,"Vermicompost, Bone Meal",Spray Neem Oil (bi-weekly),"Bud Formation: 0–30, Fruit Development: 31–120, Harvest: 121–150","Loamy sand (pH 5.5–7.5)"
Coconut,Fruit,Well-drained,Feb–March,20,35,150,Bud Formation–Fruit Development–Harvest,22,Every 5 days,"Vermicompost, Bone Meal",Spray Neem Oil (bi-weekly),"Bud Formation: 0–30, Fruit Development: 31–120, Harvest: 121–150","Loamy sand (pH 5.5–7.5)"
Sweet Lime,Fruit,Well-drained,Feb–March,20,35,150,Bud Formation–Fruit Development–Harvest,94,Every 5 days,"Vermicompost, Bone Meal",Spray Neem Oil (bi-weekly),"Bud Formation: 0–30, Fruit Development: 31–120, Harvest: 121–150","Loamy sand (pH 5.5–7.5)"
Apple,Fruit,Well-drained,Feb–March,20,35,150,Bud Formation–Fruit Development–Harvest,1,Every 5 days,"Vermicompost, Bone Meal",Spray Neem Oil (bi-weekly),"Bud Formation: 0–30, Fruit Development: 31–120, Harvest: 121–150","Loamy sand (pH 5.5–7.5)"
Pear,Fruit,Well-drained,Feb–March,20,35,150,Bud Formation–Fruit Development–Harvest,71,Every 5 days,"Vermicompost, Bone Meal",Spray Neem Oil (bi-weekly),"Bud Formation: 0–30, Fruit Development: 31–120, Harvest: 121–150","Loamy sand (pH 5.5–7.5)"
Plum,Fruit,Well-drained,Feb–March,20,35,150,Bud Formation–Fruit Development–Harvest,75,Every 5 days,"Vermicompost, Bone Meal",Spray Neem Oil (bi-weekly),"Bud Formation: 0–30, Fruit Development: 31–120, Harvest: 121–150","Loamy sand (pH 5.5–7.5)"
Apricot,Fruit,Well-drained,Feb–March,20,35,150,Bud Formation–Fruit Development–Harvest,2,Every 5 days,"Vermicompost, Bone Meal",Spray Neem Oil (bi-weekly),"Bud Formation: 0–30, Fruit Development: 31–120, Harvest: 121–150","Loamy sand (pH 5.5–7.5)"
Peach,Fruit,Well-drained,Feb–March,20,35,150,Bud Formation–Fruit Development–Harvest,70,Every 5 days,"Vermicompost, Bone Meal",Spray Neem Oil (bi-weekly),"Bud Formation: 0–30, Fruit Development: 31–120, Harvest: 121–150","Loamy sand (pH 5.5–7.5)"
Cherry,Fruit,Well-drained,Feb–March,20,35,150,Bud Formation–Fruit Development–Harvest,19,Every 5 days,"Vermicompost, Bone Meal",Spray Neem Oil (bi-weekly),"Bud Formation: 0–30, Fruit Development: 31–120, Harvest: 121–150","Loamy sand (pH 5.5–7.5)"
Strawberry,Fruit,Well-drained,Feb–March,20,35,150,Bud Formation–Fruit Development–Harvest,93,Every 5 days,"Vermicompost, Bone Meal",Spray Neem Oil (bi-weekly),"Bud Formation: 0–30, Fruit Development: 31–120, Harvest: 121–150","Loamy sand (pH 5.5–7.5)"
Lychee,Fruit,Well-drained,Feb–March,20,35,150,Bud Formation–Fruit Development–Harvest,58,Every 5 days,"Vermicompost, Bone Meal",Spray Neem Oil (bi-weekly),"Bud Formation: 0–30, Fruit Development: 31–120, Harvest: 121–150","Loamy sand (pH 5.5–7.5)"
Sapota,Fruit,Well-drained,Feb–March,20,35,150,Bud Formation–Fruit Development–Harvest,86,Every 5 days,"Vermicompost, Bone Meal",Spray Neem Oil (bi-weekly),"Bud Formation: 0–30, Fruit Development: 31–120, Harvest: 121–150","Loamy sand (pH 5.5–7.5)"
Custard Apple,Fruit,Well-drained,Feb–March,20,35,150,Bud Formation–Fruit Development–Harvest,27,Every 5 days,"Vermicompost, Bone Meal",Spray Neem Oil (bi-weekly),"Bud Formation: 0–30, Fruit Development: 31–120, Harvest: 121–150","Loamy sand (pH 5.5–7.5)"
Black Plum,Fruit,Well-drained,Feb–March,20,35,150,Bud Formation–Fruit Development–Harvest,12,Every 5 days,"Vermicompost, Bone Meal",Spray Neem Oil (bi-weekly),"Bud Formation: 0–30, Fruit Development: 31–120, Harvest: 121–150","Loamy sand (pH 5.5–7.5)"
Indian Gooseberry,Fruit,Well-drained,Feb–March,20,35,150,Bud Formation–Fruit Development–Harvest,45,Every 5 days,"Vermicompost, Bone Meal",Spray Neem Oil (bi-weekly),"Bud Formation: 0–30, Fruit Development: 31–120, Harvest: 121–150","Loamy sand (pH 5.5–7.5)"
Tamarind,Fruit,Well-drained,Feb–March,20,35,150,Bud Formation–Fruit Development–Harvest,96,Every 5 days,"Vermicompost, Bone Meal",Spray Neem Oil (bi-weekly),"Bud Formation: 0–30, Fruit Development: 31–120, Harvest: 121–150","Loamy sand (pH 5.5–7.5)"
Dates,Fruit,Well-drained,Feb–March,20,35,150,Bud Formation–Fruit Development–Harvest,28,Every 5 days,"Vermicompost, Bone Meal",Spray Neem Oil (bi-weekly),"Bud Formation: 0–30, Fruit Development: 31–120, Harvest: 121–150","Loamy sand (pH 5.5–7.5)"
Fig,Fruit,Well-drained,Feb–March,20,35,150,Bud Formation–Fruit Development–Harvest,35,Every 5 days,"Vermicompost, Bone Meal",Spray Neem Oil (bi-weekly),"Bud Formation: 0–30, Fruit Development: 31–120, Harvest: 121–150","Loamy sand (pH 5.5–7.5)"
Indian Jujube,Fruit,Well-drained,Feb–March,20,35,150,Bud Formation–Fruit Development–Harvest,47,Every 5 days,"Vermicompost, Bone Meal",Spray Neem Oil (bi-weekly),"Bud Formation: 0–30, Fruit Development: 31–120, Harvest: 121–150","Loamy sand (pH 5.5–7.5)"
Bullock'S Heart,Fruit,Well-drained,Feb–March,20,35,150,Bud Formation–Fruit Development–Harvest,14,Every 5 days,"Vermicompost, Bone Meal",Spray Neem Oil (bi-weekly),"Bud Formation: 0–30, Fruit Development: 31–120, Harvest: 121–150","Loamy sand (pH 5.5–7.5)"
Wood Apple,Fruit,Well-drained,Feb–March,20,35,150,Bud Formation–Fruit Development–Harvest,103,Every 5 days,"Vermicompost, Bone Meal",Spray Neem Oil (bi-weekly),"Bud Formation: 0–30, Fruit Development: 31–120, Harvest: 121–150","Loamy sand (pH 5.5–7.5)"
Star Fruit,Fruit,Well-drained,Feb–March,20,35,150,Bud Formation–Fruit Development–Harvest,92,Every 5 days,"Vermicompost, Bone Meal",Spray Neem Oil (bi-weekly),"Bud Formation: 0–30, Fruit Development: 31–120, Harvest: 121–150","Loamy sand (pH 5.5–7.5)"
Passion Fruit,Fruit,Well-drained,Feb–March,20,35,150,Bud Formation–Fruit Development–Harvest,69,Every 5 days,"Vermicompost, Bone Meal",Spray Neem Oil (bi-weekly),"Bud Formation: 0–30, Fruit Development: 31–120, Harvest: 121–150","Loamy sand (pH 5.5–7.5)"
Rambutan,Fruit,Well-drained,Feb–March,20,35,150,Bud Formation–Fruit Development–Harvest,83,Every 5 days,"Vermicompost, Bone Meal",Spray Neem Oil (bi-weekly),"Bud Formation: 0–30, Fruit Development: 31–120, Harvest: 121–150","Loamy sand (pH 5.5–7.5)"
Kiwi,Fruit,Well-drained,Feb–March,20,35,150,Bud Formation–Fruit Development–Harvest,52,Every 5 days,"Vermicompost, Bone Meal",Spray Neem Oil (bi-weekly),"Bud Formation: 0–30, Fruit Development: 31–120, Harvest: 121–150","Loamy sand (pH 5.5–7.5)"
Dragon Fruit,Fruit,Well-drained,Feb–March,20,35,150,Bud Formation–Fruit Development–Harvest,30,Every 5 days,"Vermicompost, Bone Meal",Spray Neem Oil (bi-weekly),"Bud Formation: 0–30, Fruit Development: 31–120, Harvest: 121–150","Loamy sand (pH 5.5–7.5)"
Pomelo,Fruit,Well-drained,Feb–March,20,35,150,Bud Formation–Fruit Development–Harvest,78,Every 5 days,"Vermicompost, Bone Meal",Spray Neem Oil (bi-weekly),"Bud Formation: 0–30, Fruit Development: 31–120, Harvest: 121–150","Loamy sand (pH 5.5–7.5)"
Mulberries,Fruit,Well-drained,Feb–March,20,35,150,Bud Formation–Fruit Development–Harvest,61,Every 5 days,"Vermicompost, Bone Meal",Spray Neem Oil (bi-weekly),"Bud Formation: 0–30, Fruit Development: 31–120, Harvest: 121–150","Loamy sand (pH 5.5–7.5)"
Water Chestnut,Fruit,Well-drained,Feb–March,20,35,150,Bud Formation–Fruit Development–Harvest,100,Every 5 days,"Vermicompost, Bone Meal",Spray Neem Oil (bi-weekly),"Bud Formation: 0–30, Fruit Development: 31–120, Harvest: 121–150","Loamy sand (pH 5.5–7.5)"
Indian Hog Plum,Fruit,Well-drained,Feb–March,20,35,150,Bud Formation–Fruit Development–Harvest,46,Every 5 days,"Vermicompost, Bone Meal",Spray Neem Oil (bi-weekly),"Bud Formation: 0–30, Fruit Development: 31–120, Harvest: 121–150","Loamy sand (pH 5.5–7.5)"
Bael Fruit,Fruit,Well-drained,Feb–March,20,35,150,Bud Formation–Fruit Development–Harvest,4,Every 5 days,"Vermicompost, Bone Meal",Spray Neem Oil (bi-weekly),"Bud Formation: 0–30, Fruit Development: 31–120, Harvest: 121–150","Loamy sand (pH 5.5–7.5)"
Wheat,Cereal/Pulse,Alluvial,June–August,22,32,120,Germination–Tillering–Maturity–Harvest,102,Every 7 days,"Farmyard Manure, Green Manure",Crop Rotation,"Germination: 0–20, Tillering: 21–60, Maturity: 61–100, Harvest: 101–120","Clay loam (pH 6.0–7.5)"
Rice,Cereal/Pulse,Alluvial,June–August,22,32,120,Germination–Tillering–Maturity–Harvest,84,Every 7 days,"Farmyard Manure, Green Manure",Crop Rotation,"Germination: 0–20, Tillering: 21–60, Maturity: 61–100, Harvest: 101–120","Clay loam (pH 6.0–7.5)"
Maize,Cereal/Pulse,Alluvial,June–August,22,32,120,Germination–Tillering–Maturity–Harvest,59,Every 7 days,"Farmyard Manure, Green Manure",Crop Rotation,"Germination: 0–20, Tillering: 21–60, Maturity: 61–100, Harvest: 101–120","Clay loam (pH 6.0–7.5)"
Barley,Cereal/Pulse,Alluvial,June–August,22,32,120,Germination–Tillering–Maturity–Harvest,7,Every 7 days,"Farmyard Manure, Green Manure",Crop Rotation,"Germination: 0–20, Tillering: 21–60, Maturity: 61–100, Harvest: 101–120","Clay loam (pH 6.0–7.5)"
Sorghum,Cereal/Pulse,Alluvial,June–August,22,32,120,Germination–Tillering–Maturity–Harvest,88,Every 7 days,"Farmyard Manure, Green Manure",Crop Rotation,"Germination: 0–20, Tillering: 21–60, Maturity: 61–100, Harvest: 101–120","Clay loam (pH 6.0–7.5)"
Bajra,Cereal/Pulse,Alluvial,June–August,22,32,120,Germination–Tillering–Maturity–Harvest,5,Every 7 days,"Farmyard Manure, Green Manure",Crop Rotation,"Germination: 0–20, Tillering: 21–60, Maturity: 61–100, Harvest: 101–120","Clay loam (pH 6.0–7.5)"
Ragi,Cereal/Pulse,Alluvial,June–August,22,32,120,Germination–Tillering–Maturity–Harvest,82,Every 7 days,"Farmyard Manure, Green Manure",Crop Rotation,"Germination: 0–20, Tillering: 21–60, Maturity: 61–100, Harvest: 101–120","Clay loam (pH 6.0–7.5)"
Chickpea,Cereal/Pulse,Alluvial,June–August,22,32,120,Germination–Tillering–Maturity–Harvest,20,Every 7 days,"Farmyard Manure, Green Manure",Crop Rotation,"Germination: 0–20, Tillering: 21–60, Maturity: 61–100, Harvest: 101–120","Clay loam (pH 6.0–7.5)"
Lentil,Cereal/Pulse,Alluvial,June–August,22,32,120,Germination–Tillering–Maturity–Harvest,56,Every 7 days,"Farmyard Manure, Green Manure",Crop Rotation,"Germination: 0–20, Tillering: 21–60, Maturity: 61–100, Harvest: 101–120","Clay loam (pH 6.0–7.5)"
Green Gram,Cereal/Pulse,Alluvial,June–August,22,32,120,Germination–Tillering–Maturity–Harvest,41,Every 7 days,"Farmyard Manure, Green Manure",Crop Rotation,"Germination: 0–20, Tillering: 21–60, Maturity: 61–100, Harvest: 101–120","Clay loam (pH 6.0–7.5)"
Black Gram,Cereal/Pulse,Alluvial,June–August,22,32,120,Germination–Tillering–Maturity–Harvest,11,Every 7 days,"Farmyard Manure, Green Manure",Crop Rotation,"Germination: 0–20, Tillering: 21–60, Maturity: 61–100, Harvest: 101–120","Clay loam (pH 6.0–7.5)"
Pigeon Pea,Cereal/Pulse,Alluvial,June–August,22,32,120,Germination–Tillering–Maturity–Harvest,73,Every 7 days,"Farmyard Manure, Green Manure",Crop Rotation,"Germination: 0–20, Tillering: 21–60, Maturity: 61–100, Harvest: 101–120","Clay loam (pH 6.0–7.5)"
Soybean,Cereal/Pulse,Alluvial,June–August,22,32,120,Germination–Tillering–Maturity–Harvest,89,Every 7 days,"Farmyard Manure, Green Manure",Crop Rotation,"Germination: 0–20, Tillering: 21–60, Maturity: 61–100, Harvest: 101–120","Clay loam (pH 6.0–7.5)"
Kidney Beans,Cereal/Pulse,Alluvial,June–August,22,32,120,Germination–Tillering–Maturity–Harvest,51,Every 7 days,"Farmyard Manure, Green Manure",Crop Rotation,"Germination: 0–20, Tillering: 21–60, Maturity: 61–100, Harvest: 101–120","Clay loam (pH 6.0–7.5)"
Horse Gram,Cereal/Pulse,Alluvial,June–August,22,32,120,Germination–Tillering–Maturity–Harvest,44,Every 7 days,"Farmyard Manure, Green Manure",Crop Rotation,"Germination: 0–20, Tillering: 21–60, Maturity: 61–100, Harvest: 101–120","Clay loam (pH 6.0–7.5)"